INSERT INTO hobbies_temp (name,wikiLink,category,type_name)  VALUES ('3D-udskrivning','https://en.wikipedia.org/wiki/3D_printing','Generel','Indendørs');
INSERT INTO hobbies_temp (name,wikiLink,category,type_name)  VALUES ('Akrobatik','https://en.wikipedia.org/wiki/Acrobatics','Generel','Indendørs');
INSERT INTO hobbies_temp (name,wikiLink,category,type_name)  VALUES ('Skuespil','https://en.wikipedia.org/wiki/Acting','Generel','Indendørs');
INSERT INTO hobbies_temp (name,wikiLink,category,type_name)  VALUES ('Amatørradio','https://en.wikipedia.org/wiki/Amateur_radio','Generel','Indendørs');
INSERT INTO hobbies_temp (name,wikiLink,category,type_name)  VALUES ('Animation','https://en.wikipedia.org/wiki/Animation','Generel','Indendørs');
INSERT INTO hobbies_temp (name,wikiLink,category,type_name)  VALUES ('Aquascaping','https://en.wikipedia.org/wiki/Aquascaping','Generel','Indendørs');
INSERT INTO hobbies_temp (name,wikiLink,category,type_name)  VALUES ('Astrologi','https://en.wikipedia.org/wiki/Astrology','Generel','Indendørs');
INSERT INTO hobbies_temp (name,wikiLink,category,type_name)  VALUES ('Bagning','https://en.wikipedia.org/wiki/Baking','Generel','Indendørs');
INSERT INTO hobbies_temp (name,wikiLink,category,type_name)  VALUES ('Baton snurrer','https://en.wikipedia.org/wiki/Baton_twirling','Generel',' Konkurrence');
INSERT INTO hobbies_temp (name,wikiLink,category,type_name)  VALUES ('Blogging','https://en.wikipedia.org/wiki/Blogging','Generel','Indendørs');
INSERT INTO hobbies_temp (name,wikiLink,category,type_name)  VALUES ('Brætspil','https://en.wikipedia.org/wiki/Board_game','Generel','Indendørs');
INSERT INTO hobbies_temp (name,wikiLink,category,type_name)  VALUES ('Bogdiskussionsklub','https://en.wikipedia.org/wiki/Book_discussion_club','Generel','Indendørs');
INSERT INTO hobbies_temp (name,wikiLink,category,type_name)  VALUES ('Gendannelse af bøger','https://en.wikipedia.org/wiki/Book_restoration','Generel','Indendørs');
INSERT INTO hobbies_temp (name,wikiLink,category,type_name)  VALUES ('Bowling','https://en.wikipedia.org/wiki/Bowling','Generel',' Konkurrence');
INSERT INTO hobbies_temp (name,wikiLink,category,type_name)  VALUES ('Brasiliansk jiu-jitsu','https://en.wikipedia.org/wiki/Brazilian_jiu-jitsu','Generel','Indendørs');
INSERT INTO hobbies_temp (name,wikiLink,category,type_name)  VALUES ('Brødfremstilling','https://en.wikipedia.org/wiki/Breadmaking','Generel','Indendørs');
INSERT INTO hobbies_temp (name,wikiLink,category,type_name)  VALUES ('Bygning','https://en.wikipedia.org/wiki/Building','Generel','Indendørs');
INSERT INTO hobbies_temp (name,wikiLink,category,type_name)  VALUES ('Bullet Journal','https://en.wikipedia.org/wiki/Bullet_Journal','Generel','Indendørs');
INSERT INTO hobbies_temp (name,wikiLink,category,type_name)  VALUES ('Cabaret','https://en.wikipedia.org/wiki/Cabaret','Generel','Indendørs');
INSERT INTO hobbies_temp (name,wikiLink,category,type_name)  VALUES ('Kalligrafi','https://en.wikipedia.org/wiki/Calligraphy','Generel','Indendørs');
INSERT INTO hobbies_temp (name,wikiLink,category,type_name)  VALUES ('Lysfremstilling','https://en.wikipedia.org/wiki/Candle_making','Generel','Indendørs');
INSERT INTO hobbies_temp (name,wikiLink,category,type_name)  VALUES ('Slikfremstilling','https://en.wikipedia.org/wiki/Candy_making','Generel','Indendørs');
INSERT INTO hobbies_temp (name,wikiLink,category,type_name)  VALUES ('Bil','https://en.wikipedia.org/wiki/Car','Generel','Indendørs/Udendørs');
INSERT INTO hobbies_temp (name,wikiLink,category,type_name)  VALUES ('Kortspil','https://en.wikipedia.org/wiki/Card_games','Generel','Indendørs');
INSERT INTO hobbies_temp (name,wikiLink,category,type_name)  VALUES ('Cardistry','https://en.wikipedia.org/wiki/Cardistry','Generel','Indendørs');
INSERT INTO hobbies_temp (name,wikiLink,category,type_name)  VALUES ('Ostemagning','https://en.wikipedia.org/wiki/Cheesemaking','Generel','Indendørs');
INSERT INTO hobbies_temp (name,wikiLink,category,type_name)  VALUES ('Rengøring','https://en.wikipedia.org/wiki/Cleaning','Generel','Indendørs');
INSERT INTO hobbies_temp (name,wikiLink,category,type_name)  VALUES ('Tøj','https://en.wikipedia.org/wiki/Clothing','Generel','Indendørs');
INSERT INTO hobbies_temp (name,wikiLink,category,type_name)  VALUES ('Hjemmelavet kaffe','https://en.wikipedia.org/wiki/Home_roasting_coffee','Generel','Indendørs');
INSERT INTO hobbies_temp (name,wikiLink,category,type_name)  VALUES ('Indsamling','https://en.wikipedia.org/wiki/Collecting','Generel','Indendørs');
INSERT INTO hobbies_temp (name,wikiLink,category,type_name)  VALUES ('Malebog','https://en.wikipedia.org/wiki/Coloring_book','Generel','Indendørs');
INSERT INTO hobbies_temp (name,wikiLink,category,type_name)  VALUES ('Computer programmering','https://en.wikipedia.org/wiki/Computer_programming','Generel','Indendørs');
INSERT INTO hobbies_temp (name,wikiLink,category,type_name)  VALUES ('Konfekture','https://en.wikipedia.org/wiki/Confectionery','Generel','Indendørs');
INSERT INTO hobbies_temp (name,wikiLink,category,type_name)  VALUES ('Madlavning','https://en.wikipedia.org/wiki/Cooking','Generel','Indendørs');
INSERT INTO hobbies_temp (name,wikiLink,category,type_name)  VALUES ('Cosplaying','https://en.wikipedia.org/wiki/Cosplaying','Generel','Indendørs');
INSERT INTO hobbies_temp (name,wikiLink,category,type_name)  VALUES ('Kuponering','https://en.wikipedia.org/wiki/Couponing','Generel','Indendørs');
INSERT INTO hobbies_temp (name,wikiLink,category,type_name)  VALUES ('Håndværk','https://en.wikipedia.org/wiki/Craft','Generel','Indendørs');
INSERT INTO hobbies_temp (name,wikiLink,category,type_name)  VALUES ('Kreativ skrivning','https://en.wikipedia.org/wiki/Creative_writing','Generel','Indendørs');
INSERT INTO hobbies_temp (name,wikiLink,category,type_name)  VALUES ('Hækling','https://en.wikipedia.org/wiki/Crocheting','Generel','Indendørs');
INSERT INTO hobbies_temp (name,wikiLink,category,type_name)  VALUES ('Korssting','https://en.wikipedia.org/wiki/Cross-stitch','Generel','Indendørs');
INSERT INTO hobbies_temp (name,wikiLink,category,type_name)  VALUES ('Krydsogtværs','https://en.wikipedia.org/wiki/Crossword_puzzles','Generel','Indendørs');
INSERT INTO hobbies_temp (name,wikiLink,category,type_name)  VALUES ('Kryptografi','https://en.wikipedia.org/wiki/Cryptography','Generel','Indendørs');
INSERT INTO hobbies_temp (name,wikiLink,category,type_name)  VALUES ('Cue sport','https://en.wikipedia.org/wiki/Cue_sports','Generel',' Konkurrence');
INSERT INTO hobbies_temp (name,wikiLink,category,type_name)  VALUES ('Dans','https://en.wikipedia.org/wiki/Dance','Generel','Indendørs');
INSERT INTO hobbies_temp (name,wikiLink,category,type_name)  VALUES ('Digital kunst','https://en.wikipedia.org/wiki/Digital_art','Generel','Indendørs');
INSERT INTO hobbies_temp (name,wikiLink,category,type_name)  VALUES ('Distro-hopping','https://en.wikipedia.org/wiki/Distro-hopping','Generel','Indendørs');
INSERT INTO hobbies_temp (name,wikiLink,category,type_name)  VALUES ('Disc-jockey','https://en.wikipedia.org/wiki/Disc-jockey','Generel','Indendørs');
INSERT INTO hobbies_temp (name,wikiLink,category,type_name)  VALUES ('Gør det selv','https://en.wikipedia.org/wiki/Do_it_yourself','Generel','Indendørs');
INSERT INTO hobbies_temp (name,wikiLink,category,type_name)  VALUES ('Drama','https://en.wikipedia.org/wiki/Drama','Generel','Indendørs');
INSERT INTO hobbies_temp (name,wikiLink,category,type_name)  VALUES ('Tegning','https://en.wikipedia.org/wiki/Drawing','Generel','Indendørs');
INSERT INTO hobbies_temp (name,wikiLink,category,type_name)  VALUES ('Blandet drik','https://en.wikipedia.org/wiki/Mixed_drink','Generel','Indendørs');
INSERT INTO hobbies_temp (name,wikiLink,category,type_name)  VALUES ('Drikker','https://en.wikipedia.org/wiki/Drinking','Generel','Indendørs');
INSERT INTO hobbies_temp (name,wikiLink,category,type_name)  VALUES ('Elektroniske spil','https://en.wikipedia.org/wiki/Electronic_games','Generel','Indendørs');
INSERT INTO hobbies_temp (name,wikiLink,category,type_name)  VALUES ('Elektronik','https://en.wikipedia.org/wiki/Electronics','Generel','Indendørs');
INSERT INTO hobbies_temp (name,wikiLink,category,type_name)  VALUES ('Broderi','https://en.wikipedia.org/wiki/Embroidery','Generel','Indendørs');
INSERT INTO hobbies_temp (name,wikiLink,category,type_name)  VALUES ('Eksperimenterer','https://en.wikipedia.org/wiki/Experimenting','Generel','Indendørs');
INSERT INTO hobbies_temp (name,wikiLink,category,type_name)  VALUES ('Fantasy sport','https://en.wikipedia.org/wiki/Fantasy_sport','Generel','Indendørs');
INSERT INTO hobbies_temp (name,wikiLink,category,type_name)  VALUES ('Mode','https://en.wikipedia.org/wiki/Fashion','Generel','Indendørs');
INSERT INTO hobbies_temp (name,wikiLink,category,type_name)  VALUES ('Mode design','https://en.wikipedia.org/wiki/Fashion_design','Generel','Indendørs');
INSERT INTO hobbies_temp (name,wikiLink,category,type_name)  VALUES ('Fiskearbejde','https://en.wikipedia.org/wiki/Fishkeeping','Generel',' Observation');
INSERT INTO hobbies_temp (name,wikiLink,category,type_name)  VALUES ('Filmfremstilling','https://en.wikipedia.org/wiki/Filmmaking','Generel','Indendørs');
INSERT INTO hobbies_temp (name,wikiLink,category,type_name)  VALUES ('Blomsterbinding','https://en.wikipedia.org/wiki/Flower_arranging','Generel','Indendørs');
INSERT INTO hobbies_temp (name,wikiLink,category,type_name)  VALUES ('Fluebinding','https://en.wikipedia.org/wiki/Fly_tying','Generel','Indendørs');
INSERT INTO hobbies_temp (name,wikiLink,category,type_name)  VALUES ('Andet sprog erhvervelse','https://en.wikipedia.org/wiki/Second-language_acquisition','Generel','Indendørs');
INSERT INTO hobbies_temp (name,wikiLink,category,type_name)  VALUES ('Møbel','https://en.wikipedia.org/wiki/Furniture','Generel','Indendørs');
INSERT INTO hobbies_temp (name,wikiLink,category,type_name)  VALUES ('Spil','https://en.wikipedia.org/wiki/Games','Generel','Indendørs');
INSERT INTO hobbies_temp (name,wikiLink,category,type_name)  VALUES ('Bordspil','https://en.wikipedia.org/wiki/Tabletop_game','Generel','Indendørs');
INSERT INTO hobbies_temp (name,wikiLink,category,type_name)  VALUES ('Rollespil','https://en.wikipedia.org/wiki/Role-playing_game','Generel',' Konkurrence');
INSERT INTO hobbies_temp (name,wikiLink,category,type_name)  VALUES ('Slægtsforskning','https://en.wikipedia.org/wiki/Genealogy','Generel','Indendørs');
INSERT INTO hobbies_temp (name,wikiLink,category,type_name)  VALUES ('Honningkagehus','https://en.wikipedia.org/wiki/Gingerbread_house','Generel','Indendørs');
INSERT INTO hobbies_temp (name,wikiLink,category,type_name)  VALUES ('Glasblæsning','https://en.wikipedia.org/wiki/Glassblowing','Generel','Indendørs');
INSERT INTO hobbies_temp (name,wikiLink,category,type_name)  VALUES ('Grafisk design','https://en.wikipedia.org/wiki/Graphic_design','Generel','Indendørs');
INSERT INTO hobbies_temp (name,wikiLink,category,type_name)  VALUES ('Gunsmithing','https://en.wikipedia.org/wiki/Gunsmithing','Generel','Indendørs');
INSERT INTO hobbies_temp (name,wikiLink,category,type_name)  VALUES ('Gymnastik','https://en.wikipedia.org/wiki/Gymnastics','Generel',' Konkurrence');
INSERT INTO hobbies_temp (name,wikiLink,category,type_name)  VALUES ('Hacker','https://en.wikipedia.org/wiki/Hacker','Generel','Indendørs');
INSERT INTO hobbies_temp (name,wikiLink,category,type_name)  VALUES ('Herpetokultur','https://en.wikipedia.org/wiki/Herpetoculture','Generel','Indendørs');
INSERT INTO hobbies_temp (name,wikiLink,category,type_name)  VALUES ('Hjemmeforbedring','https://en.wikipedia.org/wiki/Home_improvement','Generel','Indendørs');
INSERT INTO hobbies_temp (name,wikiLink,category,type_name)  VALUES ('Hjemmebrygning','https://en.wikipedia.org/wiki/Homebrewing','Generel','Indendørs');
INSERT INTO hobbies_temp (name,wikiLink,category,type_name)  VALUES ('Pleje af husplanter','https://en.wikipedia.org/wiki/Houseplant_care','Generel','Indendørs');
INSERT INTO hobbies_temp (name,wikiLink,category,type_name)  VALUES ('Hula bøjning','https://en.wikipedia.org/wiki/Hula_hooping','Generel','Indendørs');
INSERT INTO hobbies_temp (name,wikiLink,category,type_name)  VALUES ('Humor','https://en.wikipedia.org/wiki/Humor','Generel','Indendørs');
INSERT INTO hobbies_temp (name,wikiLink,category,type_name)  VALUES ('Hydroponics','https://en.wikipedia.org/wiki/Hydroponics','Generel','Indendørs');
INSERT INTO hobbies_temp (name,wikiLink,category,type_name)  VALUES ('Skøjteløb','https://en.wikipedia.org/wiki/Ice_skating','Generel',' Konkurrence');
INSERT INTO hobbies_temp (name,wikiLink,category,type_name)  VALUES ('Smykkefremstilling','https://en.wikipedia.org/wiki/Jewelry_making','Generel','Indendørs');
INSERT INTO hobbies_temp (name,wikiLink,category,type_name)  VALUES ('Puslespil','https://en.wikipedia.org/wiki/Jigsaw_puzzles','Generel','Indendørs');
INSERT INTO hobbies_temp (name,wikiLink,category,type_name)  VALUES ('Dagbog','https://en.wikipedia.org/wiki/Diary','Generel','Indendørs');
INSERT INTO hobbies_temp (name,wikiLink,category,type_name)  VALUES ('Jonglere','https://en.wikipedia.org/wiki/Juggling','Generel','Indendørs');
INSERT INTO hobbies_temp (name,wikiLink,category,type_name)  VALUES ('Karaoke','https://en.wikipedia.org/wiki/Karaoke','Generel','Indendørs');
INSERT INTO hobbies_temp (name,wikiLink,category,type_name)  VALUES ('Karate','https://en.wikipedia.org/wiki/Karate','Generel','Indendørs');
INSERT INTO hobbies_temp (name,wikiLink,category,type_name)  VALUES ('Kendama','https://en.wikipedia.org/wiki/Kendama','Generel','Indendørs');
INSERT INTO hobbies_temp (name,wikiLink,category,type_name)  VALUES ('Knivfremstilling','https://en.wikipedia.org/wiki/Knife_making','Generel','Indendørs');
INSERT INTO hobbies_temp (name,wikiLink,category,type_name)  VALUES ('Strikning','https://en.wikipedia.org/wiki/Knitting','Generel','Indendørs');
INSERT INTO hobbies_temp (name,wikiLink,category,type_name)  VALUES ('Knude binder','https://en.wikipedia.org/wiki/Knot_tying','Generel','Indendørs');
INSERT INTO hobbies_temp (name,wikiLink,category,type_name)  VALUES ('Kombucha','https://en.wikipedia.org/wiki/Kombucha','Generel','Indendørs');
INSERT INTO hobbies_temp (name,wikiLink,category,type_name)  VALUES ('Blonder','https://en.wikipedia.org/wiki/Lace_making','Generel','Indendørs');
INSERT INTO hobbies_temp (name,wikiLink,category,type_name)  VALUES ('Lapidary','https://en.wikipedia.org/wiki/Lapidary','Generel','Indendørs');
INSERT INTO hobbies_temp (name,wikiLink,category,type_name)  VALUES ('Læder håndværk','https://en.wikipedia.org/wiki/Leather_crafting','Generel','Indendørs');
INSERT INTO hobbies_temp (name,wikiLink,category,type_name)  VALUES ('Lego','https://en.wikipedia.org/wiki/Lego','Generel','Indendørs');
INSERT INTO hobbies_temp (name,wikiLink,category,type_name)  VALUES ('musik','https://en.wikipedia.org/wiki/Music','Generel','Indendørs');
INSERT INTO hobbies_temp (name,wikiLink,category,type_name)  VALUES ('Podcasts','https://en.wikipedia.org/wiki/Podcasts','Generel','Indendørs');
INSERT INTO hobbies_temp (name,wikiLink,category,type_name)  VALUES ('Låseplukning','https://en.wikipedia.org/wiki/Lock_picking','Generel','Indendørs');
INSERT INTO hobbies_temp (name,wikiLink,category,type_name)  VALUES ('Bearbejdning','https://en.wikipedia.org/wiki/Machining','Generel','Indendørs');
INSERT INTO hobbies_temp (name,wikiLink,category,type_name)  VALUES ('Macrame','https://en.wikipedia.org/wiki/Macrame','Generel','Indendørs');
INSERT INTO hobbies_temp (name,wikiLink,category,type_name)  VALUES ('Magi (illusion)','https://en.wikipedia.org/wiki/Magic_(illusion)','Generel','Indendørs');
INSERT INTO hobbies_temp (name,wikiLink,category,type_name)  VALUES ('Makeup','https://en.wikipedia.org/wiki/Makeup','Generel','Indendørs');
INSERT INTO hobbies_temp (name,wikiLink,category,type_name)  VALUES ('Labyrint','https://en.wikipedia.org/wiki/Maze','Generel','Indendørs');
INSERT INTO hobbies_temp (name,wikiLink,category,type_name)  VALUES ('Metalbearbejdning','https://en.wikipedia.org/wiki/Metalworking','Generel','Indendørs');
INSERT INTO hobbies_temp (name,wikiLink,category,type_name)  VALUES ('Modelbygning','https://en.wikipedia.org/wiki/Model_building','Generel','Indendørs');
INSERT INTO hobbies_temp (name,wikiLink,category,type_name)  VALUES ('Model engineering','https://en.wikipedia.org/wiki/Model_engineering','Generel','Indendørs');
INSERT INTO hobbies_temp (name,wikiLink,category,type_name)  VALUES ('Negle kunst','https://en.wikipedia.org/wiki/Nail_art','Generel','Indendørs');
INSERT INTO hobbies_temp (name,wikiLink,category,type_name)  VALUES ('Nålepunkt','https://en.wikipedia.org/wiki/Needlepoint','Generel','Indendørs');
INSERT INTO hobbies_temp (name,wikiLink,category,type_name)  VALUES ('Origami','https://en.wikipedia.org/wiki/Origami','Generel','Indendørs');
INSERT INTO hobbies_temp (name,wikiLink,category,type_name)  VALUES ('Maleri','https://en.wikipedia.org/wiki/Painting','Generel','Indendørs');
INSERT INTO hobbies_temp (name,wikiLink,category,type_name)  VALUES ('Håndflade','https://en.wikipedia.org/wiki/Palmistry','Generel','Indendørs');
INSERT INTO hobbies_temp (name,wikiLink,category,type_name)  VALUES ('Adoption af kæledyr','https://en.wikipedia.org/wiki/Pet_adoption','Generel','Indendørs');
INSERT INTO hobbies_temp (name,wikiLink,category,type_name)  VALUES ('Filateli','https://en.wikipedia.org/wiki/Philately','Generel','Indendørs');
INSERT INTO hobbies_temp (name,wikiLink,category,type_name)  VALUES ('Fotografering','https://en.wikipedia.org/wiki/Photography','Generel',' Observation');
INSERT INTO hobbies_temp (name,wikiLink,category,type_name)  VALUES ('Pilates','https://en.wikipedia.org/wiki/Pilates','Generel','Indendørs');
INSERT INTO hobbies_temp (name,wikiLink,category,type_name)  VALUES ('Poi (performance)','https://en.wikipedia.org/wiki/Poi_(performance_art)','Generel','Indendørs');
INSERT INTO hobbies_temp (name,wikiLink,category,type_name)  VALUES ('Pole Dancing (siden findes ikke)','https://en.wikipedia.org/w/index.php?title=Pole_Dancing&action=edit&redlink=1','Generel',' Konkurrence');
INSERT INTO hobbies_temp (name,wikiLink,category,type_name)  VALUES ('Keramik','https://en.wikipedia.org/wiki/Pottery','Generel','Indendørs');
INSERT INTO hobbies_temp (name,wikiLink,category,type_name)  VALUES ('Kraftløftning','https://en.wikipedia.org/wiki/Powerlifting','Generel','Indendørs');
INSERT INTO hobbies_temp (name,wikiLink,category,type_name)  VALUES ('Praktiske vittigheder','https://en.wikipedia.org/wiki/Practical_jokes','Generel','Indendørs');
INSERT INTO hobbies_temp (name,wikiLink,category,type_name)  VALUES ('Presset blomsterhåndværk','https://en.wikipedia.org/wiki/Pressed_flower_craft','Generel',' Samler hobbies_temper');
INSERT INTO hobbies_temp (name,wikiLink,category,type_name)  VALUES ('Gåde','https://en.wikipedia.org/wiki/Puzzle','Generel','Indendørs');
INSERT INTO hobbies_temp (name,wikiLink,category,type_name)  VALUES ('Quilling','https://en.wikipedia.org/wiki/Quilling','Generel','Indendørs');
INSERT INTO hobbies_temp (name,wikiLink,category,type_name)  VALUES ('Quiltning','https://en.wikipedia.org/wiki/Quilting','Generel','Indendørs');
INSERT INTO hobbies_temp (name,wikiLink,category,type_name)  VALUES ('Quizzer','https://en.wikipedia.org/wiki/Quizzes','Generel','Indendørs');
INSERT INTO hobbies_temp (name,wikiLink,category,type_name)  VALUES ('Radiostyret model','https://en.wikipedia.org/wiki/Radio-controlled_model','Generel',' Samler hobbies_temper');
INSERT INTO hobbies_temp (name,wikiLink,category,type_name)  VALUES ('Modellering af jernbanetransport','https://en.wikipedia.org/wiki/Rail_transport_modeling','Generel',' Samler hobbies_temper');
INSERT INTO hobbies_temp (name,wikiLink,category,type_name)  VALUES ('Rapping','https://en.wikipedia.org/wiki/Rapping','Generel','Indendørs');
INSERT INTO hobbies_temp (name,wikiLink,category,type_name)  VALUES ('Læsning','https://en.wikipedia.org/wiki/Reading','Generel',' Observation');
INSERT INTO hobbies_temp (name,wikiLink,category,type_name)  VALUES ('Efterbehandling','https://en.wikipedia.org/wiki/Refinishing','Generel','Indendørs');
INSERT INTO hobbies_temp (name,wikiLink,category,type_name)  VALUES ('Reiki','https://en.wikipedia.org/wiki/Reiki','Generel','Indendørs');
INSERT INTO hobbies_temp (name,wikiLink,category,type_name)  VALUES ('Robotkamp','https://en.wikipedia.org/wiki/Robot_combat','Generel','Indendørs');
INSERT INTO hobbies_temp (name,wikiLink,category,type_name)  VALUES ('Rubiks terning','https://en.wikipedia.org/wiki/Rubik%27s_Cube','Generel','Indendørs');
INSERT INTO hobbies_temp (name,wikiLink,category,type_name)  VALUES ('Scrapbooking','https://en.wikipedia.org/wiki/Scrapbooking','Generel','Indendørs');
INSERT INTO hobbies_temp (name,wikiLink,category,type_name)  VALUES ('SCUBA Dykning','https://en.wikipedia.org/wiki/SCUBA_Diving','Generel','Indendørs');
INSERT INTO hobbies_temp (name,wikiLink,category,type_name)  VALUES ('Modellering','https://en.wikipedia.org/wiki/Sculpting','Generel','Indendørs');
INSERT INTO hobbies_temp (name,wikiLink,category,type_name)  VALUES ('Syning','https://en.wikipedia.org/wiki/Sewing','Generel','Indendørs');
INSERT INTO hobbies_temp (name,wikiLink,category,type_name)  VALUES ('Skomageri','https://en.wikipedia.org/wiki/Shoemaking','Generel','Indendørs');
INSERT INTO hobbies_temp (name,wikiLink,category,type_name)  VALUES ('Synger','https://en.wikipedia.org/wiki/Singing','Generel','Indendørs');
INSERT INTO hobbies_temp (name,wikiLink,category,type_name)  VALUES ('Skitse (tegning)','https://en.wikipedia.org/wiki/Sketch_(drawing)','Generel','Indendørs');
INSERT INTO hobbies_temp (name,wikiLink,category,type_name)  VALUES ('Sjippetov','https://en.wikipedia.org/wiki/Skipping_rope','Generel','Indendørs/Udendørs');
INSERT INTO hobbies_temp (name,wikiLink,category,type_name)  VALUES ('Slot bil','https://en.wikipedia.org/wiki/Slot_car','Generel',' Samler hobbies_temper');
INSERT INTO hobbies_temp (name,wikiLink,category,type_name)  VALUES ('Sæbefremstilling','https://en.wikipedia.org/wiki/Soapmaking','Generel','Indendørs');
INSERT INTO hobbies_temp (name,wikiLink,category,type_name)  VALUES ('Sociale medier','https://en.wikipedia.org/wiki/Social_media','Generel','Indendørs');
INSERT INTO hobbies_temp (name,wikiLink,category,type_name)  VALUES ('Regneark','https://en.wikipedia.org/wiki/Spreadsheets','Generel','Indendørs');
INSERT INTO hobbies_temp (name,wikiLink,category,type_name)  VALUES ('Stand-up','https://en.wikipedia.org/wiki/Stand-up_comedy','Generel','Indendørs');
INSERT INTO hobbies_temp (name,wikiLink,category,type_name)  VALUES ('Frimærkesamling','https://en.wikipedia.org/wiki/Stamp_collecting','Generel',' Samler hobbies_temper');
INSERT INTO hobbies_temp (name,wikiLink,category,type_name)  VALUES ('Bordtennis','https://en.wikipedia.org/wiki/Table_tennis','Generel',' Konkurrence');
INSERT INTO hobbies_temp (name,wikiLink,category,type_name)  VALUES ('Tarot','https://en.wikipedia.org/wiki/Tarot','Generel','Indendørs');
INSERT INTO hobbies_temp (name,wikiLink,category,type_name)  VALUES ('Taksidermi','https://en.wikipedia.org/wiki/Taxidermy','Generel','Indendørs');
INSERT INTO hobbies_temp (name,wikiLink,category,type_name)  VALUES ('Velgørenhedsbutik','https://en.wikipedia.org/wiki/Charity_shop','Generel','Indendørs');
INSERT INTO hobbies_temp (name,wikiLink,category,type_name)  VALUES ('Videoredigering','https://en.wikipedia.org/wiki/Video_editing','Generel','Indendørs');
INSERT INTO hobbies_temp (name,wikiLink,category,type_name)  VALUES ('Udvikling af videospil','https://en.wikipedia.org/wiki/Video_game_development','Generel','Indendørs');
INSERT INTO hobbies_temp (name,wikiLink,category,type_name)  VALUES ('Videospil','https://en.wikipedia.org/wiki/Video_gaming','Generel','Indendørs');
INSERT INTO hobbies_temp (name,wikiLink,category,type_name)  VALUES ('Videografi','https://en.wikipedia.org/wiki/Videography','Generel','Indendørs/Udendørs');
INSERT INTO hobbies_temp (name,wikiLink,category,type_name)  VALUES ('Virtual reality','https://en.wikipedia.org/wiki/Virtual_reality','Generel','Indendørs');
INSERT INTO hobbies_temp (name,wikiLink,category,type_name)  VALUES ('Film','https://en.wikipedia.org/wiki/Movies','Generel','Indendørs');
INSERT INTO hobbies_temp (name,wikiLink,category,type_name)  VALUES ('Tv-program','https://en.wikipedia.org/wiki/Television_program','Generel','Indendørs');
INSERT INTO hobbies_temp (name,wikiLink,category,type_name)  VALUES ('Voksning','https://en.wikipedia.org/wiki/Waxing','Generel','Indendørs');
INSERT INTO hobbies_temp (name,wikiLink,category,type_name)  VALUES ('Vævning','https://en.wikipedia.org/wiki/Weaving','Generel','Indendørs');
INSERT INTO hobbies_temp (name,wikiLink,category,type_name)  VALUES ('Webtoon','https://en.wikipedia.org/wiki/Webtoon','Generel','Indendørs');
INSERT INTO hobbies_temp (name,wikiLink,category,type_name)  VALUES ('Vægt træning','https://en.wikipedia.org/wiki/Weight_training','Generel',' Konkurrence');
INSERT INTO hobbies_temp (name,wikiLink,category,type_name)  VALUES ('Svejsning','https://en.wikipedia.org/wiki/Welding','Generel','Indendørs');
INSERT INTO hobbies_temp (name,wikiLink,category,type_name)  VALUES ('Hviskende','https://en.wikipedia.org/wiki/Whittling','Generel','Indendørs');
INSERT INTO hobbies_temp (name,wikiLink,category,type_name)  VALUES ('Vinfremstilling','https://en.wikipedia.org/wiki/Winemaking','Generel','Indendørs');
INSERT INTO hobbies_temp (name,wikiLink,category,type_name)  VALUES ('Træskæring','https://en.wikipedia.org/wiki/Wood_carving','Generel','Indendørs');
INSERT INTO hobbies_temp (name,wikiLink,category,type_name)  VALUES ('Træbearbejdning','https://en.wikipedia.org/wiki/Woodworking','Generel','Indendørs');
INSERT INTO hobbies_temp (name,wikiLink,category,type_name)  VALUES ('Ordsøgninger','https://en.wikipedia.org/wiki/Word_searches','Generel','Indendørs');
INSERT INTO hobbies_temp (name,wikiLink,category,type_name)  VALUES ('Verdensbygning','https://en.wikipedia.org/wiki/Worldbuilding','Generel','Indendørs');
INSERT INTO hobbies_temp (name,wikiLink,category,type_name)  VALUES ('Skrivning','https://en.wikipedia.org/wiki/Writing','Generel','Indendørs');
INSERT INTO hobbies_temp (name,wikiLink,category,type_name)  VALUES ('Yo-yoing','https://en.wikipedia.org/wiki/Yo-yoing','Generel','Indendørs');
INSERT INTO hobbies_temp (name,wikiLink,category,type_name)  VALUES ('Yoga','https://en.wikipedia.org/wiki/Yoga','Generel','Indendørs');
INSERT INTO hobbies_temp (name,wikiLink,category,type_name)  VALUES ('Zumba','https://en.wikipedia.org/wiki/Zumba','Generel','Indendørs');
INSERT INTO hobbies_temp (name,wikiLink,category,type_name)  VALUES ('Luftsport','https://en.wikipedia.org/wiki/Air_sports','Generel','Udendørs');
INSERT INTO hobbies_temp (name,wikiLink,category,type_name)  VALUES ('Airsoft','https://en.wikipedia.org/wiki/Airsoft','Generel',' Konkurrence');
INSERT INTO hobbies_temp (name,wikiLink,category,type_name)  VALUES ('Amatørgeologi','https://en.wikipedia.org/wiki/Amateur_geology','Generel','Udendørs');
INSERT INTO hobbies_temp (name,wikiLink,category,type_name)  VALUES ('Forlystelsespark','https://en.wikipedia.org/wiki/Amusement_park','Generel','Udendørs');
INSERT INTO hobbies_temp (name,wikiLink,category,type_name)  VALUES ('Bueskydning','https://en.wikipedia.org/wiki/Archery','Generel',' Konkurrence');
INSERT INTO hobbies_temp (name,wikiLink,category,type_name)  VALUES ('Astronomi','https://en.wikipedia.org/wiki/Astronomy','Generel',' Educational hobbies');
INSERT INTO hobbies_temp (name,wikiLink,category,type_name)  VALUES ('Backpacking (vildmark)','https://en.wikipedia.org/wiki/Backpacking_(wilderness)','Generel',' Observation');
INSERT INTO hobbies_temp (name,wikiLink,category,type_name)  VALUES ('Badminton','https://en.wikipedia.org/wiki/Badminton','Generel',' Konkurrence');
INSERT INTO hobbies_temp (name,wikiLink,category,type_name)  VALUES ('Base jumping','https://en.wikipedia.org/wiki/BASE_jumping','Generel','Udendørs');
INSERT INTO hobbies_temp (name,wikiLink,category,type_name)  VALUES ('Baseball','https://en.wikipedia.org/wiki/Baseball','Generel',' Konkurrence');
INSERT INTO hobbies_temp (name,wikiLink,category,type_name)  VALUES ('Basketball','https://en.wikipedia.org/wiki/Basketball','Generel','Udendørs');
INSERT INTO hobbies_temp (name,wikiLink,category,type_name)  VALUES ('Biavl','https://en.wikipedia.org/wiki/Beekeeping','Generel','Udendørs');
INSERT INTO hobbies_temp (name,wikiLink,category,type_name)  VALUES ('Fuglekiggeri','https://en.wikipedia.org/wiki/Birdwatching','Generel',' Observation');
INSERT INTO hobbies_temp (name,wikiLink,category,type_name)  VALUES ('Smedarbejde','https://en.wikipedia.org/wiki/Blacksmithing','Generel','Udendørs');
INSERT INTO hobbies_temp (name,wikiLink,category,type_name)  VALUES ('BMX','https://en.wikipedia.org/wiki/BMX','Generel','Udendørs');
INSERT INTO hobbies_temp (name,wikiLink,category,type_name)  VALUES ('Brætsport','https://en.wikipedia.org/wiki/Board_sports','Generel','Udendørs');
INSERT INTO hobbies_temp (name,wikiLink,category,type_name)  VALUES ('Bodybuilding','https://en.wikipedia.org/wiki/Bodybuilding','Generel','Udendørs');
INSERT INTO hobbies_temp (name,wikiLink,category,type_name)  VALUES ('Bonsai','https://en.wikipedia.org/wiki/Bonsai','Generel','Udendørs');
INSERT INTO hobbies_temp (name,wikiLink,category,type_name)  VALUES ('Sommerfugletur','https://en.wikipedia.org/wiki/Butterfly_watching','Generel','Udendørs');
INSERT INTO hobbies_temp (name,wikiLink,category,type_name)  VALUES ('Bus','https://en.wikipedia.org/wiki/Bus','Generel','Udendørs');
INSERT INTO hobbies_temp (name,wikiLink,category,type_name)  VALUES ('Camping','https://en.wikipedia.org/wiki/Camping','Generel','Udendørs');
INSERT INTO hobbies_temp (name,wikiLink,category,type_name)  VALUES ('Kanosejlads','https://en.wikipedia.org/wiki/Canoeing','Generel','Udendørs');
INSERT INTO hobbies_temp (name,wikiLink,category,type_name)  VALUES ('Canyoning','https://en.wikipedia.org/wiki/Canyoning','Generel','Udendørs');
INSERT INTO hobbies_temp (name,wikiLink,category,type_name)  VALUES ('Huleforskning','https://en.wikipedia.org/wiki/Caving','Generel','Udendørs');
INSERT INTO hobbies_temp (name,wikiLink,category,type_name)  VALUES ('Kompostering','https://en.wikipedia.org/wiki/Composting','Generel','Udendørs');
INSERT INTO hobbies_temp (name,wikiLink,category,type_name)  VALUES ('Cykling','https://en.wikipedia.org/wiki/Cycling','Generel',' Konkurrence');
INSERT INTO hobbies_temp (name,wikiLink,category,type_name)  VALUES ('Dowsing','https://en.wikipedia.org/wiki/Dowsing','Generel','Udendørs');
INSERT INTO hobbies_temp (name,wikiLink,category,type_name)  VALUES ('Kørsel','https://en.wikipedia.org/wiki/Driving','Generel','Udendørs');
INSERT INTO hobbies_temp (name,wikiLink,category,type_name)  VALUES ('Landbrug','https://en.wikipedia.org/wiki/Farming','Generel','Udendørs');
INSERT INTO hobbies_temp (name,wikiLink,category,type_name)  VALUES ('Fiskeri','https://en.wikipedia.org/wiki/Fishing','Generel',' Konkurrence');
INSERT INTO hobbies_temp (name,wikiLink,category,type_name)  VALUES ('Flag fodbold','https://en.wikipedia.org/wiki/Flag_football','Generel','Udendørs');
INSERT INTO hobbies_temp (name,wikiLink,category,type_name)  VALUES ('Blomst','https://en.wikipedia.org/wiki/Flower','Generel','Udendørs');
INSERT INTO hobbies_temp (name,wikiLink,category,type_name)  VALUES ('Luftfart','https://en.wikipedia.org/wiki/Aviation','Generel','Udendørs');
INSERT INTO hobbies_temp (name,wikiLink,category,type_name)  VALUES ('Flyvende skive','https://en.wikipedia.org/wiki/Flying_disc','Generel','Udendørs');
INSERT INTO hobbies_temp (name,wikiLink,category,type_name)  VALUES ('Foder','https://en.wikipedia.org/wiki/Foraging','Generel','Udendørs');
INSERT INTO hobbies_temp (name,wikiLink,category,type_name)  VALUES ('Fossicking','https://en.wikipedia.org/wiki/Fossicking','Generel','Udendørs');
INSERT INTO hobbies_temp (name,wikiLink,category,type_name)  VALUES ('Freestyle fodbold','https://en.wikipedia.org/wiki/Freestyle_football','Generel','Udendørs');
INSERT INTO hobbies_temp (name,wikiLink,category,type_name)  VALUES ('Havearbejde','https://en.wikipedia.org/wiki/Gardening','Generel','Udendørs');
INSERT INTO hobbies_temp (name,wikiLink,category,type_name)  VALUES ('Geocaching','https://en.wikipedia.org/wiki/Geocaching','Generel',' Observation');
INSERT INTO hobbies_temp (name,wikiLink,category,type_name)  VALUES ('Spøgelsesjagt','https://en.wikipedia.org/wiki/Ghost_hunting','Generel','Udendørs');
INSERT INTO hobbies_temp (name,wikiLink,category,type_name)  VALUES ('Guldprospektering','https://en.wikipedia.org/wiki/Gold_prospecting','Generel','Udendørs');
INSERT INTO hobbies_temp (name,wikiLink,category,type_name)  VALUES ('Graffiti','https://en.wikipedia.org/wiki/Graffiti','Generel','Udendørs');
INSERT INTO hobbies_temp (name,wikiLink,category,type_name)  VALUES ('Håndbold','https://en.wikipedia.org/wiki/Handball','Generel',' Konkurrence');
INSERT INTO hobbies_temp (name,wikiLink,category,type_name)  VALUES ('Naturlægemidler','https://en.wikipedia.org/wiki/Herbalism','Generel','Udendørs');
INSERT INTO hobbies_temp (name,wikiLink,category,type_name)  VALUES ('Herping','https://en.wikipedia.org/wiki/Herping','Generel',' Observation');
INSERT INTO hobbies_temp (name,wikiLink,category,type_name)  VALUES ('Højeffektiv raket','https://en.wikipedia.org/wiki/High-power_rocketry','Generel','Udendørs');
INSERT INTO hobbies_temp (name,wikiLink,category,type_name)  VALUES ('Vandreture','https://en.wikipedia.org/wiki/Hiking','Generel',' Observation');
INSERT INTO hobbies_temp (name,wikiLink,category,type_name)  VALUES ('hobbies_temp hest','https://en.wikipedia.org/wiki/hobbies_temp_horse','Generel','Udendørs');
INSERT INTO hobbies_temp (name,wikiLink,category,type_name)  VALUES ('hobbies_temp tunneling','https://en.wikipedia.org/wiki/hobbies_temp_tunneling','Generel','Udendørs');
INSERT INTO hobbies_temp (name,wikiLink,category,type_name)  VALUES ('Hooping','https://en.wikipedia.org/wiki/Hooping','Generel','Udendørs');
INSERT INTO hobbies_temp (name,wikiLink,category,type_name)  VALUES ('Ridning','https://en.wikipedia.org/wiki/Horseback_riding','Generel',' Konkurrence');
INSERT INTO hobbies_temp (name,wikiLink,category,type_name)  VALUES ('Jagt','https://en.wikipedia.org/wiki/Hunting','Generel','Udendørs');
INSERT INTO hobbies_temp (name,wikiLink,category,type_name)  VALUES ('In-line skating','https://en.wikipedia.org/wiki/Inline_skating','Generel','Udendørs');
INSERT INTO hobbies_temp (name,wikiLink,category,type_name)  VALUES ('Løbe','https://en.wikipedia.org/wiki/Jogging','Generel','Udendørs');
INSERT INTO hobbies_temp (name,wikiLink,category,type_name)  VALUES ('Ro kajak','https://en.wikipedia.org/wiki/Kayaking','Generel','Udendørs');
INSERT INTO hobbies_temp (name,wikiLink,category,type_name)  VALUES ('Glente','https://en.wikipedia.org/wiki/Kite','Generel','Udendørs');
INSERT INTO hobbies_temp (name,wikiLink,category,type_name)  VALUES ('Kitesurfing','https://en.wikipedia.org/wiki/Kitesurfing','Generel','Udendørs');
INSERT INTO hobbies_temp (name,wikiLink,category,type_name)  VALUES ('Lacrosse','https://en.wikipedia.org/wiki/Lacrosse','Generel',' Konkurrence');
INSERT INTO hobbies_temp (name,wikiLink,category,type_name)  VALUES ('LARPing','https://en.wikipedia.org/wiki/LARPing','Generel','Udendørs');
INSERT INTO hobbies_temp (name,wikiLink,category,type_name)  VALUES ('Letterboxing (hobbies_temp)','https://en.wikipedia.org/wiki/Letterboxing_(hobbies_temp)','Generel','Udendørs');
INSERT INTO hobbies_temp (name,wikiLink,category,type_name)  VALUES ('Longboarding','https://en.wikipedia.org/wiki/Longboarding','Generel',' Konkurrence');
INSERT INTO hobbies_temp (name,wikiLink,category,type_name)  VALUES ('Kampsport','https://en.wikipedia.org/wiki/Martial_arts','Generel',' Konkurrence');
INSERT INTO hobbies_temp (name,wikiLink,category,type_name)  VALUES ('Metaldetektor','https://en.wikipedia.org/wiki/Metal_detector','Generel','Udendørs');
INSERT INTO hobbies_temp (name,wikiLink,category,type_name)  VALUES ('Meteorologi','https://en.wikipedia.org/wiki/Meteorology','Generel',' Observation');
INSERT INTO hobbies_temp (name,wikiLink,category,type_name)  VALUES ('Motorsport','https://en.wikipedia.org/wiki/Motor_sports','Generel','Udendørs');
INSERT INTO hobbies_temp (name,wikiLink,category,type_name)  VALUES ('Mountainbiking','https://en.wikipedia.org/wiki/Mountain_biking','Generel','Udendørs');
INSERT INTO hobbies_temp (name,wikiLink,category,type_name)  VALUES ('Bjergbestigning','https://en.wikipedia.org/wiki/Mountaineering','Generel','Udendørs');
INSERT INTO hobbies_temp (name,wikiLink,category,type_name)  VALUES ('Museum','https://en.wikipedia.org/wiki/Museum','Generel','Udendørs');
INSERT INTO hobbies_temp (name,wikiLink,category,type_name)  VALUES ('Svampejagt','https://en.wikipedia.org/wiki/Mushroom_hunting','Generel','Udendørs');
INSERT INTO hobbies_temp (name,wikiLink,category,type_name)  VALUES ('Mykologi','https://en.wikipedia.org/wiki/Mycology','Generel','Udendørs');
INSERT INTO hobbies_temp (name,wikiLink,category,type_name)  VALUES ('Netball','https://en.wikipedia.org/wiki/Netball','Generel','Udendørs');
INSERT INTO hobbies_temp (name,wikiLink,category,type_name)  VALUES ('Nordisk skøjteløb','https://en.wikipedia.org/wiki/Nordic_skating','Generel','Udendørs');
INSERT INTO hobbies_temp (name,wikiLink,category,type_name)  VALUES ('Orientering','https://en.wikipedia.org/wiki/Orienteering','Generel',' Konkurrence');
INSERT INTO hobbies_temp (name,wikiLink,category,type_name)  VALUES ('Paintball','https://en.wikipedia.org/wiki/Paintball','Generel','Udendørs');
INSERT INTO hobbies_temp (name,wikiLink,category,type_name)  VALUES ('Parkour','https://en.wikipedia.org/wiki/Parkour','Generel','Udendørs');
INSERT INTO hobbies_temp (name,wikiLink,category,type_name)  VALUES ('Podcast','https://en.wikipedia.org/wiki/Podcast','Generel','Udendørs');
INSERT INTO hobbies_temp (name,wikiLink,category,type_name)  VALUES ('Polo','https://en.wikipedia.org/wiki/Polo','Generel','Udendørs');
INSERT INTO hobbies_temp (name,wikiLink,category,type_name)  VALUES ('Offentlig transport','https://en.wikipedia.org/wiki/Public_transport','Generel','Udendørs');
INSERT INTO hobbies_temp (name,wikiLink,category,type_name)  VALUES ('Rafting','https://en.wikipedia.org/wiki/Rafting','Generel','Udendørs');
INSERT INTO hobbies_temp (name,wikiLink,category,type_name)  VALUES ('Jernbane','https://en.wikipedia.org/wiki/Railway','Generel','Udendørs');
INSERT INTO hobbies_temp (name,wikiLink,category,type_name)  VALUES ('Rappellering','https://en.wikipedia.org/wiki/Rappelling','Generel','Udendørs');
INSERT INTO hobbies_temp (name,wikiLink,category,type_name)  VALUES ('Road Cykling','https://en.wikipedia.org/wiki/Road_Cycling','Generel','Udendørs');
INSERT INTO hobbies_temp (name,wikiLink,category,type_name)  VALUES ('Rulleskøjteløb','https://en.wikipedia.org/wiki/Roller_skating','Generel','Udendørs');
INSERT INTO hobbies_temp (name,wikiLink,category,type_name)  VALUES ('Rugby fodbold','https://en.wikipedia.org/wiki/Rugby_football','Generel','Udendørs');
INSERT INTO hobbies_temp (name,wikiLink,category,type_name)  VALUES ('Løb','https://en.wikipedia.org/wiki/Running','Generel','Udendørs');
INSERT INTO hobbies_temp (name,wikiLink,category,type_name)  VALUES ('Sejler','https://en.wikipedia.org/wiki/Sailing','Generel','Udendørs');
INSERT INTO hobbies_temp (name,wikiLink,category,type_name)  VALUES ('Sand kunst og leg','https://en.wikipedia.org/wiki/Sand_art_and_play','Generel','Udendørs');
INSERT INTO hobbies_temp (name,wikiLink,category,type_name)  VALUES ('Spejder','https://en.wikipedia.org/wiki/Scouting','Generel','Udendørs');
INSERT INTO hobbies_temp (name,wikiLink,category,type_name)  VALUES ('Dykning','https://en.wikipedia.org/wiki/Scuba_diving','Generel','Udendørs');
INSERT INTO hobbies_temp (name,wikiLink,category,type_name)  VALUES ('Sculling','https://en.wikipedia.org/wiki/Sculling','Generel',' Konkurrence');
INSERT INTO hobbies_temp (name,wikiLink,category,type_name)  VALUES ('Roning (sport)','https://en.wikipedia.org/wiki/Rowing_(sport)','Generel','Udendørs');
INSERT INTO hobbies_temp (name,wikiLink,category,type_name)  VALUES ('Optagelse','https://en.wikipedia.org/wiki/Shooting','Generel','Udendørs');
INSERT INTO hobbies_temp (name,wikiLink,category,type_name)  VALUES ('Handle ind','https://en.wikipedia.org/wiki/Shopping','Generel','Udendørs');
INSERT INTO hobbies_temp (name,wikiLink,category,type_name)  VALUES ('Shuffleboard','https://en.wikipedia.org/wiki/Shuffleboard','Generel','Udendørs');
INSERT INTO hobbies_temp (name,wikiLink,category,type_name)  VALUES ('Skateboarding','https://en.wikipedia.org/wiki/Skateboarding','Generel',' Konkurrence');
INSERT INTO hobbies_temp (name,wikiLink,category,type_name)  VALUES ('Stå på ski','https://en.wikipedia.org/wiki/Skiing','Generel',' Konkurrence');
INSERT INTO hobbies_temp (name,wikiLink,category,type_name)  VALUES ('Skimboarding','https://en.wikipedia.org/wiki/Skimboarding','Generel','Udendørs');
INSERT INTO hobbies_temp (name,wikiLink,category,type_name)  VALUES ('Faldskærmsudspring','https://en.wikipedia.org/wiki/Skydiving','Generel','Udendørs');
INSERT INTO hobbies_temp (name,wikiLink,category,type_name)  VALUES ('Slacklining','https://en.wikipedia.org/wiki/Slacklining','Generel','Udendørs');
INSERT INTO hobbies_temp (name,wikiLink,category,type_name)  VALUES ('Snowboarding','https://en.wikipedia.org/wiki/Snowboarding','Generel','Udendørs');
INSERT INTO hobbies_temp (name,wikiLink,category,type_name)  VALUES ('Snescooterkørsel','https://en.wikipedia.org/wiki/Snowmobiling','Generel','Udendørs');
INSERT INTO hobbies_temp (name,wikiLink,category,type_name)  VALUES ('Snesko','https://en.wikipedia.org/wiki/Snowshoeing','Generel','Udendørs');
INSERT INTO hobbies_temp (name,wikiLink,category,type_name)  VALUES ('Fodbold','https://en.wikipedia.org/wiki/Soccer','Generel','Udendørs');
INSERT INTO hobbies_temp (name,wikiLink,category,type_name)  VALUES ('Sten springer over','https://en.wikipedia.org/wiki/Stone_skipping','Generel','Udendørs');
INSERT INTO hobbies_temp (name,wikiLink,category,type_name)  VALUES ('Solbadning','https://en.wikipedia.org/wiki/Sun_bathing','Generel','Udendørs');
INSERT INTO hobbies_temp (name,wikiLink,category,type_name)  VALUES ('Surfing','https://en.wikipedia.org/wiki/Surfing','Generel',' Konkurrence');
INSERT INTO hobbies_temp (name,wikiLink,category,type_name)  VALUES ('Overlevelse','https://en.wikipedia.org/wiki/Survivalism','Generel','Udendørs');
INSERT INTO hobbies_temp (name,wikiLink,category,type_name)  VALUES ('Menneskelig svømning','https://en.wikipedia.org/wiki/Human_swimming','Generel',' Konkurrence');
INSERT INTO hobbies_temp (name,wikiLink,category,type_name)  VALUES ('Taekwondo','https://en.wikipedia.org/wiki/Taekwondo','Generel','Udendørs');
INSERT INTO hobbies_temp (name,wikiLink,category,type_name)  VALUES ('Tai Chi','https://en.wikipedia.org/wiki/Tai_chi','Generel','Udendørs');
INSERT INTO hobbies_temp (name,wikiLink,category,type_name)  VALUES ('Tennis','https://en.wikipedia.org/wiki/Tennis','Generel',' Konkurrence');
INSERT INTO hobbies_temp (name,wikiLink,category,type_name)  VALUES ('Topiary','https://en.wikipedia.org/wiki/Topiary','Generel','Udendørs');
INSERT INTO hobbies_temp (name,wikiLink,category,type_name)  VALUES ('Turisme','https://en.wikipedia.org/wiki/Tourism','Generel',' Konkurrence');
INSERT INTO hobbies_temp (name,wikiLink,category,type_name)  VALUES ('Gennem vandring','https://en.wikipedia.org/wiki/Thru-hiking','Generel','Udendørs');
INSERT INTO hobbies_temp (name,wikiLink,category,type_name)  VALUES ('Messe','https://en.wikipedia.org/wiki/Trade_fair','Generel','Udendørs');
INSERT INTO hobbies_temp (name,wikiLink,category,type_name)  VALUES ('Rejse','https://en.wikipedia.org/wiki/Travel','Generel','Udendørs');
INSERT INTO hobbies_temp (name,wikiLink,category,type_name)  VALUES ('Byudforskning','https://en.wikipedia.org/wiki/Urban_exploration','Generel','Udendørs');
INSERT INTO hobbies_temp (name,wikiLink,category,type_name)  VALUES ('Ferie','https://en.wikipedia.org/wiki/Vacation','Generel','Udendørs');
INSERT INTO hobbies_temp (name,wikiLink,category,type_name)  VALUES ('Vegetabilsk landbrug','https://en.wikipedia.org/wiki/Vegetable_farming','Generel','Udendørs');
INSERT INTO hobbies_temp (name,wikiLink,category,type_name)  VALUES ('Restaurering af køretøjet','https://en.wikipedia.org/wiki/Vehicle_restoration','Generel','Udendørs');
INSERT INTO hobbies_temp (name,wikiLink,category,type_name)  VALUES ('Gå','https://en.wikipedia.org/wiki/Walking','Generel','Udendørs');
INSERT INTO hobbies_temp (name,wikiLink,category,type_name)  VALUES ('Vandsport','https://en.wikipedia.org/wiki/Water_sports','Generel','Udendørs');
INSERT INTO hobbies_temp (name,wikiLink,category,type_name)  VALUES ('Biologi','https://en.wikipedia.org/wiki/Biology','Educational hobbies','---');
INSERT INTO hobbies_temp (name,wikiLink,category,type_name)  VALUES ('Kemi','https://en.wikipedia.org/wiki/Chemistry','Educational hobbies','---');
INSERT INTO hobbies_temp (name,wikiLink,category,type_name)  VALUES ('Elektrokemi','https://en.wikipedia.org/wiki/Electrochemistry','Educational hobbies','---');
INSERT INTO hobbies_temp (name,wikiLink,category,type_name)  VALUES ('Geografi','https://en.wikipedia.org/wiki/Geography','Educational hobbies','---');
INSERT INTO hobbies_temp (name,wikiLink,category,type_name)  VALUES ('Historie','https://en.wikipedia.org/wiki/History','Educational hobbies','---');
INSERT INTO hobbies_temp (name,wikiLink,category,type_name)  VALUES ('Matematik','https://en.wikipedia.org/wiki/Mathematics','Educational hobbies','---');
INSERT INTO hobbies_temp (name,wikiLink,category,type_name)  VALUES ('Psykologi','https://en.wikipedia.org/wiki/Psychology','Educational hobbies','---');
INSERT INTO hobbies_temp (name,wikiLink,category,type_name)  VALUES ('Fysik','https://en.wikipedia.org/wiki/Physics','Educational hobbies','---');
INSERT INTO hobbies_temp (name,wikiLink,category,type_name)  VALUES ('Jernbanetransport','https://en.wikipedia.org/wiki/Rail_transport','Educational hobbies','---');
INSERT INTO hobbies_temp (name,wikiLink,category,type_name)  VALUES ('Videnskab og teknologi studier','https://en.wikipedia.org/wiki/Science_and_technology_studies','Educational hobbies','---');
INSERT INTO hobbies_temp (name,wikiLink,category,type_name)  VALUES ('Sociale Studier','https://en.wikipedia.org/wiki/Social_studies','Educational hobbies','---');
INSERT INTO hobbies_temp (name,wikiLink,category,type_name)  VALUES ('Sportsvidenskab','https://en.wikipedia.org/wiki/Sports_science','Educational hobbies','---');
INSERT INTO hobbies_temp (name,wikiLink,category,type_name)  VALUES ('Action figur','https://en.wikipedia.org/wiki/Action_figure','Samler hobbies_temper','Indendørs');
INSERT INTO hobbies_temp (name,wikiLink,category,type_name)  VALUES ('Antikviteter','https://en.wikipedia.org/wiki/Antiquing','Samler hobbies_temper','Indendørs/Udendørs');
INSERT INTO hobbies_temp (name,wikiLink,category,type_name)  VALUES ('Ant-holder','https://en.wikipedia.org/wiki/Ant-keeping','Samler hobbies_temper','Indendørs');
INSERT INTO hobbies_temp (name,wikiLink,category,type_name)  VALUES ('Kunstindsamling','https://en.wikipedia.org/wiki/Art_collecting','Samler hobbies_temper','Indendørs');
INSERT INTO hobbies_temp (name,wikiLink,category,type_name)  VALUES ('Bogindsamling','https://en.wikipedia.org/wiki/Book_collecting','Samler hobbies_temper','Indendørs');
INSERT INTO hobbies_temp (name,wikiLink,category,type_name)  VALUES ('Knapopsamling','https://en.wikipedia.org/wiki/Button_collecting','Samler hobbies_temper','Indendørs');
INSERT INTO hobbies_temp (name,wikiLink,category,type_name)  VALUES ('Bytte kort','https://en.wikipedia.org/wiki/Trading_cards','Samler hobbies_temper','Indendørs');
INSERT INTO hobbies_temp (name,wikiLink,category,type_name)  VALUES ('Møntindsamling','https://en.wikipedia.org/wiki/Coin_collecting','Samler hobbies_temper','Indendørs');
INSERT INTO hobbies_temp (name,wikiLink,category,type_name)  VALUES ('Tegneserieindsamling','https://en.wikipedia.org/wiki/Comic_book_collecting','Samler hobbies_temper','Indendørs');
INSERT INTO hobbies_temp (name,wikiLink,category,type_name)  VALUES ('Deltiologi','https://en.wikipedia.org/wiki/Deltiology','Samler hobbies_temper','Indendørs');
INSERT INTO hobbies_temp (name,wikiLink,category,type_name)  VALUES ('Die-cast legetøj','https://en.wikipedia.org/wiki/Die-cast_toy','Samler hobbies_temper','Indendørs');
INSERT INTO hobbies_temp (name,wikiLink,category,type_name)  VALUES ('Digital hamstring','https://en.wikipedia.org/wiki/Digital_hoarding','Samler hobbies_temper','Indendørs');
INSERT INTO hobbies_temp (name,wikiLink,category,type_name)  VALUES ('Dukker','https://en.wikipedia.org/wiki/Dolls','Samler hobbies_temper','Indendørs');
INSERT INTO hobbies_temp (name,wikiLink,category,type_name)  VALUES ('Elementindsamling','https://en.wikipedia.org/wiki/Element_collecting','Samler hobbies_temper','Indendørs');
INSERT INTO hobbies_temp (name,wikiLink,category,type_name)  VALUES ('Flygtig','https://en.wikipedia.org/wiki/Ephemera','Samler hobbies_temper','Indendørs');
INSERT INTO hobbies_temp (name,wikiLink,category,type_name)  VALUES ('Telefonkort','https://en.wikipedia.org/wiki/Telephone_card','Samler hobbies_temper','Indendørs');
INSERT INTO hobbies_temp (name,wikiLink,category,type_name)  VALUES ('Knivopsamling','https://en.wikipedia.org/wiki/Knife_collecting','Samler hobbies_temper','Indendørs');
INSERT INTO hobbies_temp (name,wikiLink,category,type_name)  VALUES ('Lotologi','https://en.wikipedia.org/wiki/Lotology','Samler hobbies_temper','Indendørs');
INSERT INTO hobbies_temp (name,wikiLink,category,type_name)  VALUES ('Film memorabilia','https://en.wikipedia.org/wiki/Film_memorabilia','Samler hobbies_temper','Indendørs');
INSERT INTO hobbies_temp (name,wikiLink,category,type_name)  VALUES ('Fingeraftryk','https://en.wikipedia.org/wiki/Fingerprint','Samler hobbies_temper','Indendørs');
INSERT INTO hobbies_temp (name,wikiLink,category,type_name)  VALUES ('Parfume','https://en.wikipedia.org/wiki/Perfume','Samler hobbies_temper','Indendørs');
INSERT INTO hobbies_temp (name,wikiLink,category,type_name)  VALUES ('Phillumeny','https://en.wikipedia.org/wiki/Phillumeny','Samler hobbies_temper','Indendørs');
INSERT INTO hobbies_temp (name,wikiLink,category,type_name)  VALUES ('Pladesamling','https://en.wikipedia.org/wiki/Record_collecting','Samler hobbies_temper','Indendørs');
INSERT INTO hobbies_temp (name,wikiLink,category,type_name)  VALUES ('Rock tumbling','https://en.wikipedia.org/wiki/Rock_tumbling','Samler hobbies_temper','Indendørs');
INSERT INTO hobbies_temp (name,wikiLink,category,type_name)  VALUES ('Patch indsamling','https://en.wikipedia.org/wiki/Patch_collecting','Samler hobbies_temper','Indendørs');
INSERT INTO hobbies_temp (name,wikiLink,category,type_name)  VALUES ('Sko','https://en.wikipedia.org/wiki/Shoes','Samler hobbies_temper','Indendørs');
INSERT INTO hobbies_temp (name,wikiLink,category,type_name)  VALUES ('Sportsmemorabilia','https://en.wikipedia.org/wiki/Sports_memorabilia','Samler hobbies_temper','Indendørs');
INSERT INTO hobbies_temp (name,wikiLink,category,type_name)  VALUES ('Tøjdyr','https://en.wikipedia.org/wiki/Stuffed_toy','Samler hobbies_temper','Indendørs');
INSERT INTO hobbies_temp (name,wikiLink,category,type_name)  VALUES ('Te pose','https://en.wikipedia.org/wiki/Tea_bag','Samler hobbies_temper','Indendørs');
INSERT INTO hobbies_temp (name,wikiLink,category,type_name)  VALUES ('Billet (adgang)','https://en.wikipedia.org/wiki/Ticket_(admission)','Samler hobbies_temper','Indendørs');
INSERT INTO hobbies_temp (name,wikiLink,category,type_name)  VALUES ('Legetøj','https://en.wikipedia.org/wiki/Toys','Samler hobbies_temper','Indendørs');
INSERT INTO hobbies_temp (name,wikiLink,category,type_name)  VALUES ('Transitkort','https://en.wikipedia.org/wiki/Transit_map','Samler hobbies_temper','Indendørs');
INSERT INTO hobbies_temp (name,wikiLink,category,type_name)  VALUES ('Samling af videospil','https://en.wikipedia.org/wiki/Video_game_collecting','Samler hobbies_temper','Indendørs');
INSERT INTO hobbies_temp (name,wikiLink,category,type_name)  VALUES ('Vintage biler','https://en.wikipedia.org/wiki/Vintage_cars','Samler hobbies_temper','Indendørs');
INSERT INTO hobbies_temp (name,wikiLink,category,type_name)  VALUES ('Vintage tøj','https://en.wikipedia.org/wiki/Vintage_clothing','Samler hobbies_temper','Indendørs');
INSERT INTO hobbies_temp (name,wikiLink,category,type_name)  VALUES ('Vinylplader','https://en.wikipedia.org/wiki/Vinyl_Records','Samler hobbies_temper','Indendørs');
INSERT INTO hobbies_temp (name,wikiLink,category,type_name)  VALUES ('Auto audiophilia','https://en.wikipedia.org/wiki/Auto_audiophilia','Samler hobbies_temper','Udendørs');
INSERT INTO hobbies_temp (name,wikiLink,category,type_name)  VALUES ('Fossil jagt','https://en.wikipedia.org/wiki/Fossil_hunting','Samler hobbies_temper','Udendørs');
INSERT INTO hobbies_temp (name,wikiLink,category,type_name)  VALUES ('Insektindsamling','https://en.wikipedia.org/wiki/Insect_collecting','Samler hobbies_temper','Udendørs');
INSERT INTO hobbies_temp (name,wikiLink,category,type_name)  VALUES ('Magnetfiskeri','https://en.wikipedia.org/wiki/Magnet_fishing','Samler hobbies_temper','Udendørs');
INSERT INTO hobbies_temp (name,wikiLink,category,type_name)  VALUES ('Metaldetektering','https://en.wikipedia.org/wiki/Metal_detecting','Samler hobbies_temper','Udendørs');
INSERT INTO hobbies_temp (name,wikiLink,category,type_name)  VALUES ('Mineralindsamling','https://en.wikipedia.org/wiki/Mineral_collecting','Samler hobbies_temper','Udendørs');
INSERT INTO hobbies_temp (name,wikiLink,category,type_name)  VALUES ('Stenbalancering','https://en.wikipedia.org/wiki/Rock_balancing','Samler hobbies_temper','Udendørs');
INSERT INTO hobbies_temp (name,wikiLink,category,type_name)  VALUES ('Havglas','https://en.wikipedia.org/wiki/Sea_glass','Samler hobbies_temper','Udendørs');
INSERT INTO hobbies_temp (name,wikiLink,category,type_name)  VALUES ('Muslingeskal','https://en.wikipedia.org/wiki/Seashell','Samler hobbies_temper','Udendørs');
INSERT INTO hobbies_temp (name,wikiLink,category,type_name)  VALUES ('Stenopsamling','https://en.wikipedia.org/wiki/Stone_collecting','Samler hobbies_temper','Udendørs');
INSERT INTO hobbies_temp (name,wikiLink,category,type_name)  VALUES ('Dyrepleje','https://en.wikipedia.org/wiki/Animal_fancy','Konkurrence','Indendørs');
INSERT INTO hobbies_temp (name,wikiLink,category,type_name)  VALUES ('Øksekast','https://en.wikipedia.org/wiki/Axe_throwing','Konkurrence','Indendørs');
INSERT INTO hobbies_temp (name,wikiLink,category,type_name)  VALUES ('Backgammon','https://en.wikipedia.org/wiki/Backgammon','Konkurrence','Indendørs');
INSERT INTO hobbies_temp (name,wikiLink,category,type_name)  VALUES ('Skønhedskonkurrence','https://en.wikipedia.org/wiki/Beauty_pageant','Konkurrence','Indendørs');
INSERT INTO hobbies_temp (name,wikiLink,category,type_name)  VALUES ('Boksning','https://en.wikipedia.org/wiki/Boxing','Konkurrence','Indendørs');
INSERT INTO hobbies_temp (name,wikiLink,category,type_name)  VALUES ('Kontraktsbro','https://en.wikipedia.org/wiki/Contract_Bridge','Konkurrence','Indendørs');
INSERT INTO hobbies_temp (name,wikiLink,category,type_name)  VALUES ('Kladder','https://en.wikipedia.org/wiki/Draughts','Konkurrence','Indendørs');
INSERT INTO hobbies_temp (name,wikiLink,category,type_name)  VALUES ('Cheerleading','https://en.wikipedia.org/wiki/Cheerleading','Konkurrence','Indendørs');
INSERT INTO hobbies_temp (name,wikiLink,category,type_name)  VALUES ('Skak','https://en.wikipedia.org/wiki/Chess','Konkurrence','Indendørs');
INSERT INTO hobbies_temp (name,wikiLink,category,type_name)  VALUES ('Farvebeskyttelse (flag spinding)','https://en.wikipedia.org/wiki/Color_guard_(flag_spinning)','Konkurrence','Indendørs');
INSERT INTO hobbies_temp (name,wikiLink,category,type_name)  VALUES ('Cribbage','https://en.wikipedia.org/wiki/Cribbage','Konkurrence','Indendørs');
INSERT INTO hobbies_temp (name,wikiLink,category,type_name)  VALUES ('Curling','https://en.wikipedia.org/wiki/Curling','Konkurrence','Indendørs');
INSERT INTO hobbies_temp (name,wikiLink,category,type_name)  VALUES ('Konkurrencedygtig dans','https://en.wikipedia.org/wiki/Competitive_dance','Konkurrence','Indendørs');
INSERT INTO hobbies_temp (name,wikiLink,category,type_name)  VALUES ('Dart','https://en.wikipedia.org/wiki/Darts','Konkurrence','Indendørs');
INSERT INTO hobbies_temp (name,wikiLink,category,type_name)  VALUES ('Debat','https://en.wikipedia.org/wiki/Debate','Konkurrence','Indendørs');
INSERT INTO hobbies_temp (name,wikiLink,category,type_name)  VALUES ('Dominoer','https://en.wikipedia.org/wiki/Dominoes','Konkurrence','Indendørs');
INSERT INTO hobbies_temp (name,wikiLink,category,type_name)  VALUES ('Konkurrencedygtig spisning','https://en.wikipedia.org/wiki/Competitive_eating','Konkurrence','Indendørs');
INSERT INTO hobbies_temp (name,wikiLink,category,type_name)  VALUES ('Esports','https://en.wikipedia.org/wiki/Esports','Konkurrence','Indendørs');
INSERT INTO hobbies_temp (name,wikiLink,category,type_name)  VALUES ('Hegn','https://en.wikipedia.org/wiki/Fencing','Konkurrence','Indendørs');
INSERT INTO hobbies_temp (name,wikiLink,category,type_name)  VALUES ('Gå (spil)','https://en.wikipedia.org/wiki/Go_(game)','Konkurrence','Indendørs');
INSERT INTO hobbies_temp (name,wikiLink,category,type_name)  VALUES ('Ishockey','https://en.wikipedia.org/wiki/Ice_hockey','Konkurrence','Indendørs');
INSERT INTO hobbies_temp (name,wikiLink,category,type_name)  VALUES ('Judo','https://en.wikipedia.org/wiki/Judo','Konkurrence','Indendørs');
INSERT INTO hobbies_temp (name,wikiLink,category,type_name)  VALUES ('Jujitsu','https://en.wikipedia.org/wiki/Jujitsu','Konkurrence','Indendørs');
INSERT INTO hobbies_temp (name,wikiLink,category,type_name)  VALUES ('Kabaddi','https://en.wikipedia.org/wiki/Kabaddi','Konkurrence','Indendørs');
INSERT INTO hobbies_temp (name,wikiLink,category,type_name)  VALUES ('Ordspil','https://en.wikipedia.org/wiki/Word_games','Konkurrence','Indendørs');
INSERT INTO hobbies_temp (name,wikiLink,category,type_name)  VALUES ('Lasermærke','https://en.wikipedia.org/wiki/Laser_tag','Konkurrence','Indendørs');
INSERT INTO hobbies_temp (name,wikiLink,category,type_name)  VALUES ('Mahjong','https://en.wikipedia.org/wiki/Mahjong','Konkurrence','Indendørs');
INSERT INTO hobbies_temp (name,wikiLink,category,type_name)  VALUES ('Kugler','https://en.wikipedia.org/wiki/Marbles','Konkurrence','Indendørs');
INSERT INTO hobbies_temp (name,wikiLink,category,type_name)  VALUES ('Model FN','https://en.wikipedia.org/wiki/Model_United_Nations','Konkurrence','Indendørs');
INSERT INTO hobbies_temp (name,wikiLink,category,type_name)  VALUES ('Poker','https://en.wikipedia.org/wiki/Poker','Konkurrence','Indendørs');
INSERT INTO hobbies_temp (name,wikiLink,category,type_name)  VALUES ('Pool (cue sports)','https://en.wikipedia.org/wiki/Pool_(cue_sports)','Konkurrence','Indendørs');
INSERT INTO hobbies_temp (name,wikiLink,category,type_name)  VALUES ('Shogi','https://en.wikipedia.org/wiki/Shogi','Konkurrence','Indendørs');
INSERT INTO hobbies_temp (name,wikiLink,category,type_name)  VALUES ('Slot bilspil','https://en.wikipedia.org/wiki/Slot_car_racing','Konkurrence','Indendørs');
INSERT INTO hobbies_temp (name,wikiLink,category,type_name)  VALUES ('Hurtigkubning','https://en.wikipedia.org/wiki/Speedcubing','Konkurrence','Indendørs');
INSERT INTO hobbies_temp (name,wikiLink,category,type_name)  VALUES ('Sport stabling','https://en.wikipedia.org/wiki/Sport_stacking','Konkurrence','Indendørs');
INSERT INTO hobbies_temp (name,wikiLink,category,type_name)  VALUES ('Bordfodbold','https://en.wikipedia.org/wiki/Table_football','Konkurrence','Indendørs');
INSERT INTO hobbies_temp (name,wikiLink,category,type_name)  VALUES ('Volleyball','https://en.wikipedia.org/wiki/Volleyball','Konkurrence','Indendørs/Udendørs');
INSERT INTO hobbies_temp (name,wikiLink,category,type_name)  VALUES ('Brydning','https://en.wikipedia.org/wiki/Wrestling','Konkurrence','Indendørs');
INSERT INTO hobbies_temp (name,wikiLink,category,type_name)  VALUES ('Association fodbold','https://en.wikipedia.org/wiki/Association_football','Konkurrence','Udendørs');
INSERT INTO hobbies_temp (name,wikiLink,category,type_name)  VALUES ('Australsk spiller fodbold','https://en.wikipedia.org/wiki/Australian_rules_football','Konkurrence','Udendørs');
INSERT INTO hobbies_temp (name,wikiLink,category,type_name)  VALUES ('Bilsport','https://en.wikipedia.org/wiki/Auto_racing','Konkurrence','Udendørs');
INSERT INTO hobbies_temp (name,wikiLink,category,type_name)  VALUES ('Beach Volleyball','https://en.wikipedia.org/wiki/Beach_volleyball','Konkurrence','Udendørs');
INSERT INTO hobbies_temp (name,wikiLink,category,type_name)  VALUES ('Breakdancing','https://en.wikipedia.org/wiki/Breakdancing','Konkurrence','Udendørs');
INSERT INTO hobbies_temp (name,wikiLink,category,type_name)  VALUES ('Klatring','https://en.wikipedia.org/wiki/Climbing','Konkurrence','Udendørs');
INSERT INTO hobbies_temp (name,wikiLink,category,type_name)  VALUES ('Cricket','https://en.wikipedia.org/wiki/Cricket','Konkurrence','Udendørs');
INSERT INTO hobbies_temp (name,wikiLink,category,type_name)  VALUES ('Croquet','https://en.wikipedia.org/wiki/Croquet','Konkurrence','Udendørs');
INSERT INTO hobbies_temp (name,wikiLink,category,type_name)  VALUES ('Disc golf','https://en.wikipedia.org/wiki/Disc_golf','Konkurrence','Udendørs');
INSERT INTO hobbies_temp (name,wikiLink,category,type_name)  VALUES ('Hundesport','https://en.wikipedia.org/wiki/Dog_sport','Konkurrence','Udendørs');
INSERT INTO hobbies_temp (name,wikiLink,category,type_name)  VALUES ('Udstillingsøvelse','https://en.wikipedia.org/wiki/Exhibition_drill','Konkurrence','Udendørs');
INSERT INTO hobbies_temp (name,wikiLink,category,type_name)  VALUES ('Field hockey','https://en.wikipedia.org/wiki/Field_hockey','Konkurrence','Udendørs');
INSERT INTO hobbies_temp (name,wikiLink,category,type_name)  VALUES ('Kunstskøjteløb','https://en.wikipedia.org/wiki/Figure_skating','Konkurrence','Udendørs');
INSERT INTO hobbies_temp (name,wikiLink,category,type_name)  VALUES ('Fodtaske','https://en.wikipedia.org/wiki/Footbag','Konkurrence','Udendørs');
INSERT INTO hobbies_temp (name,wikiLink,category,type_name)  VALUES ('Frisbee','https://en.wikipedia.org/wiki/Frisbee','Konkurrence','Udendørs');
INSERT INTO hobbies_temp (name,wikiLink,category,type_name)  VALUES ('Golf','https://en.wikipedia.org/wiki/Golf','Konkurrence','Udendørs');
INSERT INTO hobbies_temp (name,wikiLink,category,type_name)  VALUES ('Hestesko','https://en.wikipedia.org/wiki/Horseshoes','Konkurrence','Udendørs');
INSERT INTO hobbies_temp (name,wikiLink,category,type_name)  VALUES ('Isbåd','https://en.wikipedia.org/wiki/Iceboat','Konkurrence','Udendørs');
INSERT INTO hobbies_temp (name,wikiLink,category,type_name)  VALUES ('Jukskei','https://en.wikipedia.org/wiki/Jukskei','Konkurrence','Udendørs');
INSERT INTO hobbies_temp (name,wikiLink,category,type_name)  VALUES ('Kart racing','https://en.wikipedia.org/wiki/Kart_racing','Konkurrence','Udendørs');
INSERT INTO hobbies_temp (name,wikiLink,category,type_name)  VALUES ('Knivkastning','https://en.wikipedia.org/wiki/Knife_throwing','Konkurrence','Udendørs');
INSERT INTO hobbies_temp (name,wikiLink,category,type_name)  VALUES ('Langdistanceløb','https://en.wikipedia.org/wiki/Long-distance_running','Konkurrence','Udendørs');
INSERT INTO hobbies_temp (name,wikiLink,category,type_name)  VALUES ('Marcherende band','https://en.wikipedia.org/wiki/Marching_band','Konkurrence','Udendørs');
INSERT INTO hobbies_temp (name,wikiLink,category,type_name)  VALUES ('Modelfly','https://en.wikipedia.org/wiki/Model_aircraft','Konkurrence','Udendørs');
INSERT INTO hobbies_temp (name,wikiLink,category,type_name)  VALUES ('Pickleball','https://en.wikipedia.org/wiki/Pickleball','Konkurrence','Udendørs');
INSERT INTO hobbies_temp (name,wikiLink,category,type_name)  VALUES ('Quidditch (sport)','https://en.wikipedia.org/wiki/Quidditch_(sport)','Konkurrence','Udendørs');
INSERT INTO hobbies_temp (name,wikiLink,category,type_name)  VALUES ('Race gåtur','https://en.wikipedia.org/wiki/Race_walking','Konkurrence','Udendørs');
INSERT INTO hobbies_temp (name,wikiLink,category,type_name)  VALUES ('Racquetball','https://en.wikipedia.org/wiki/Racquetball','Konkurrence','Udendørs');
INSERT INTO hobbies_temp (name,wikiLink,category,type_name)  VALUES ('Radiostyret bil','https://en.wikipedia.org/wiki/Radio-controlled_car','Konkurrence','Udendørs');
INSERT INTO hobbies_temp (name,wikiLink,category,type_name)  VALUES ('Roller derby','https://en.wikipedia.org/wiki/Roller_derby','Konkurrence','Udendørs');
INSERT INTO hobbies_temp (name,wikiLink,category,type_name)  VALUES ('Rugby liga','https://en.wikipedia.org/wiki/Rugby_league','Konkurrence','Udendørs');
INSERT INTO hobbies_temp (name,wikiLink,category,type_name)  VALUES ('Roning','https://en.wikipedia.org/wiki/Rowing','Konkurrence','Udendørs');
INSERT INTO hobbies_temp (name,wikiLink,category,type_name)  VALUES ('Skydesport','https://en.wikipedia.org/wiki/Shooting_sport','Konkurrence','Udendørs');
INSERT INTO hobbies_temp (name,wikiLink,category,type_name)  VALUES ('Slædehundevæddeløb','https://en.wikipedia.org/wiki/Sled_dog_racing','Konkurrence','Udendørs');
INSERT INTO hobbies_temp (name,wikiLink,category,type_name)  VALUES ('Softball','https://en.wikipedia.org/wiki/Softball','Konkurrence','Udendørs');
INSERT INTO hobbies_temp (name,wikiLink,category,type_name)  VALUES ('Hurtigløb på skøjter','https://en.wikipedia.org/wiki/Speed_skating','Konkurrence','Udendørs');
INSERT INTO hobbies_temp (name,wikiLink,category,type_name)  VALUES ('Squash (sport)','https://en.wikipedia.org/wiki/Squash_(sport)','Konkurrence','Udendørs');
INSERT INTO hobbies_temp (name,wikiLink,category,type_name)  VALUES ('Tennispolo','https://en.wikipedia.org/wiki/Tennis_polo','Konkurrence','Udendørs');
INSERT INTO hobbies_temp (name,wikiLink,category,type_name)  VALUES ('Fastgør bil','https://en.wikipedia.org/wiki/Tether_car','Konkurrence','Udendørs');
INSERT INTO hobbies_temp (name,wikiLink,category,type_name)  VALUES ('Tour skøjteløb','https://en.wikipedia.org/wiki/Tour_skating','Konkurrence','Udendørs');
INSERT INTO hobbies_temp (name,wikiLink,category,type_name)  VALUES ('Trapshooting','https://en.wikipedia.org/wiki/Trapshooting','Konkurrence','Udendørs');
INSERT INTO hobbies_temp (name,wikiLink,category,type_name)  VALUES ('Triatlon','https://en.wikipedia.org/wiki/Triathlon','Konkurrence','Udendørs');
INSERT INTO hobbies_temp (name,wikiLink,category,type_name)  VALUES ('Ultimate (sport)','https://en.wikipedia.org/wiki/Ultimate_(sport)','Konkurrence','Udendørs');
INSERT INTO hobbies_temp (name,wikiLink,category,type_name)  VALUES ('Vandpolo','https://en.wikipedia.org/wiki/Water_polo','Konkurrence','Udendørs');
INSERT INTO hobbies_temp (name,wikiLink,category,type_name)  VALUES ('Læring','https://en.wikipedia.org/wiki/Learning','Observation','Indendørs');
INSERT INTO hobbies_temp (name,wikiLink,category,type_name)  VALUES ('Meditation','https://en.wikipedia.org/wiki/Meditation','Observation','Indendørs');
INSERT INTO hobbies_temp (name,wikiLink,category,type_name)  VALUES ('Mikroskopi','https://en.wikipedia.org/wiki/Microscopy','Observation','Indendørs');
INSERT INTO hobbies_temp (name,wikiLink,category,type_name)  VALUES ('Forskning','https://en.wikipedia.org/wiki/Research','Observation','Indendørs');
INSERT INTO hobbies_temp (name,wikiLink,category,type_name)  VALUES ('Kortbølgelytning','https://en.wikipedia.org/wiki/Shortwave_listening','Observation','Indendørs');
INSERT INTO hobbies_temp (name,wikiLink,category,type_name)  VALUES ('Audiofil','https://en.wikipedia.org/wiki/Audiophile','Observation','Indendørs');
INSERT INTO hobbies_temp (name,wikiLink,category,type_name)  VALUES ('Flyspotting','https://en.wikipedia.org/wiki/Aircraft_spotting','Observation','Udendørs');
INSERT INTO hobbies_temp (name,wikiLink,category,type_name)  VALUES ('Amatør astronomi','https://en.wikipedia.org/wiki/Amateur_astronomy','Observation','Udendørs');
INSERT INTO hobbies_temp (name,wikiLink,category,type_name)  VALUES ('Bus spotting','https://en.wikipedia.org/wiki/Bus_spotting','Observation','Udendørs');
INSERT INTO hobbies_temp (name,wikiLink,category,type_name)  VALUES ('Gongoozler','https://en.wikipedia.org/wiki/Gongoozler','Observation','Udendørs');
INSERT INTO hobbies_temp (name,wikiLink,category,type_name)  VALUES ('Satellitovervågning','https://en.wikipedia.org/wiki/Satellite_watching','Observation','Udendørs');
INSERT INTO hobbies_temp (name,wikiLink,category,type_name)  VALUES ('Trainspotting (hobbies_temp)','https://en.wikipedia.org/wiki/Trainspotting_(hobbies_temp)','Observation','Udendørs');
INSERT INTO hobbies_temp (name,wikiLink,category,type_name)  VALUES ('Hvalsafari','https://en.wikipedia.org/wiki/Whale_watching','Observation','Udendørs');